{"cameraMode":{"drawMode":0,"name":"Shaded","section":"Shading Mode"},"sceneLighting":true,"audioPlay":false,"sceneViewState":{"showFog":true,"showMaterialUpdate":false,"showSkybox":true,"showFlares":true,"showImageEffects":true,"showParticleSystems":true,"showVisualEffectGraphs":true,"m_FxEnabled":true},"in2DMode":false,"pivot":{"x":0.21131306886672975,"y":2.0177221298217775,"z":-2.697577476501465},"rotation":{"x":0.25804591178894045,"y":0.002898390404880047,"z":-0.0007741471636109054,"w":0.9661291241645813},"size":6.266026496887207,"orthographic":false}